UUID,threads,Rows,Columns,Population size,crossover rate,mutation rate,max number of generations,max number of moves (genes),average search time (turn), PC Won
352676376,1,10,10,1000,0.800000,0.010000,100,3,481.950000,1
1146857802,1,10,10,1000,0.800000,0.010000,100,3,490.924750,1
1214017779,1,10,10,1000,0.800000,0.010000,100,3,487.386750,1
1058041574,1,10,10,1000,0.800000,0.010000,100,3,486.879000,1
1246690987,1,10,10,1000,0.800000,0.010000,100,3,492.042250,1
962971773,1,10,10,1000,0.800000,0.010000,100,3,492.827000,1
996978217,1,10,10,1000,0.800000,0.010000,100,3,490.552500,1
1608295914,1,10,10,1000,0.800000,0.010000,100,3,489.907500,1
1488106299,1,10,10,1000,0.800000,0.010000,100,3,489.653500,1
883903855,1,10,10,1000,0.800000,0.010000,100,3,488.603750,1
760296864,1,10,10,1000,0.800000,0.010000,100,3,489.529500,1
325223560,1,10,10,1000,0.800000,0.010000,100,3,498.919500,1
1576253544,1,10,10,1000,0.800000,0.010000,100,3,490.378750,1
1789546341,1,10,10,1000,0.800000,0.010000,100,3,491.303250,1
1817491342,1,10,10,1000,0.800000,0.010000,100,3,486.493500,1
159546503,1,10,10,1000,0.800000,0.010000,100,3,485.868750,1
1862165008,1,10,10,1000,0.800000,0.010000,100,3,503.178750,1
150880134,1,10,10,1000,0.800000,0.010000,100,3,498.628250,1
1530628190,1,10,10,1000,0.800000,0.010000,100,3,489.191500,1
584930593,1,10,10,1000,0.800000,0.010000,100,3,487.297000,1
1314811546,1,10,10,1000,0.800000,0.010000,100,3,491.580750,1
1250357562,1,10,10,1000,0.800000,0.010000,100,3,486.212750,1
1625811982,1,10,10,1000,0.800000,0.010000,100,3,493.291250,1
1873548139,1,10,10,1000,0.800000,0.010000,100,3,589.895500,1
1922700415,1,10,10,1000,0.800000,0.010000,100,3,541.946000,1
1866179142,1,10,10,1000,0.800000,0.010000,100,3,523.638250,1
443199414,1,10,10,1000,0.800000,0.010000,100,3,490.935500,1
128349172,1,10,10,1000,0.800000,0.010000,100,3,494.266000,1
1822656701,1,10,10,1000,0.800000,0.010000,100,3,493.581250,1
612073622,1,10,10,1000,0.800000,0.010000,100,3,504.573500,1
1706948664,1,10,10,1000,0.800000,0.010000,100,3,497.489500,1
878964153,1,10,10,1000,0.800000,0.010000,100,3,588.271250,1
604274604,1,10,10,1000,0.800000,0.010000,100,3,517.942500,1
1569682201,1,10,10,1000,0.800000,0.010000,100,3,511.908250,1
116761185,1,10,10,1000,0.800000,0.010000,100,3,488.009000,1
2118974232,1,10,10,1000,0.800000,0.010000,100,3,490.965000,1
728068899,1,10,10,1000,0.800000,0.010000,100,3,490.341500,1
956220442,1,10,10,1000,0.800000,0.010000,100,3,487.485250,1
1425234893,1,10,10,1000,0.800000,0.010000,100,3,509.313250,1
1690829362,1,10,10,1000,0.800000,0.010000,100,3,529.027750,1
2033187940,1,10,10,1000,0.800000,0.010000,100,3,499.450500,1
1893470490,1,10,10,1000,0.800000,0.010000,100,3,502.036250,1
1036074850,1,10,10,1000,0.800000,0.010000,100,3,507.343250,1
527095378,1,10,10,1000,0.800000,0.010000,100,3,501.327750,1
495249168,1,10,10,1000,0.800000,0.010000,100,3,493.573750,1
608917265,1,10,10,1000,0.800000,0.010000,100,3,484.875750,1
929568999,1,10,10,1000,0.800000,0.010000,100,3,497.189500,1
1152280507,1,10,10,1000,0.800000,0.010000,100,3,539.015500,1
272346186,1,10,10,1000,0.800000,0.010000,100,3,507.928750,1
755713277,1,10,10,1000,0.800000,0.010000,100,3,503.103000,1
83229392,1,10,10,1000,0.800000,0.010000,100,3,481.439000,1
1204434014,1,10,10,1000,0.800000,0.010000,100,3,487.991000,1
1011092174,1,10,10,1000,0.800000,0.010000,100,3,500.719500,1
2026243505,1,10,10,1000,0.800000,0.010000,100,3,487.083250,1
104229726,1,10,10,1000,0.800000,0.010000,100,3,491.297750,1
1835675059,1,10,10,1000,0.800000,0.010000,100,3,486.298250,1
1582789405,1,10,10,1000,0.800000,0.010000,100,3,492.895750,1
1038885687,1,10,10,1000,0.800000,0.010000,100,3,489.409500,1
1375104891,1,10,10,1000,0.800000,0.010000,100,3,482.504500,1
186664802,1,10,10,1000,0.800000,0.010000,100,3,492.676750,1
1498614113,1,10,10,1000,0.800000,0.010000,100,3,545.024500,1
1950052841,1,10,10,1000,0.800000,0.010000,100,3,557.561500,1
1818284849,1,10,10,1000,0.800000,0.010000,100,3,517.062500,1
2001178330,1,10,10,1000,0.800000,0.010000,100,3,489.118250,1
263483785,1,10,10,1000,0.800000,0.010000,100,3,486.060000,1
657367945,1,10,10,1000,0.800000,0.010000,100,3,496.501000,1
1899126264,1,10,10,1000,0.800000,0.010000,100,3,485.605000,1
940608629,1,10,10,1000,0.800000,0.010000,100,3,488.943500,1
2083762976,1,10,10,1000,0.800000,0.010000,100,3,528.293500,1
1091159898,1,10,10,1000,0.800000,0.010000,100,3,511.054250,1
1994805102,1,10,10,1000,0.800000,0.010000,100,3,498.423000,1
690474724,1,10,10,1000,0.800000,0.010000,100,3,503.727000,1
479990524,1,10,10,1000,0.800000,0.010000,100,3,501.427250,1
1578954892,1,10,10,1000,0.800000,0.010000,100,3,507.557500,1
209797050,1,10,10,1000,0.800000,0.010000,100,3,497.889250,1
858831182,1,10,10,1000,0.800000,0.010000,100,3,491.462750,1
104453132,1,10,10,1000,0.800000,0.010000,100,3,541.138000,1
679123285,1,10,10,1000,0.800000,0.010000,100,3,501.356750,1
222979447,1,10,10,1000,0.800000,0.010000,100,3,503.335500,1
1300139449,1,10,10,1000,0.800000,0.010000,100,3,498.970750,1
685960645,1,10,10,1000,0.800000,0.010000,100,3,503.592000,1
541708859,1,10,10,1000,0.800000,0.010000,100,3,503.810750,1
258776491,1,10,10,1000,0.800000,0.010000,100,3,485.214500,1
156700397,1,10,10,1000,0.800000,0.010000,100,3,489.110500,1
696333775,1,10,10,1000,0.800000,0.010000,100,3,485.170000,1
1933620654,1,10,10,1000,0.800000,0.010000,100,3,488.356750,1
2124321324,1,10,10,1000,0.800000,0.010000,100,3,481.806000,1
319507264,1,10,10,1000,0.800000,0.010000,100,3,483.407750,1
832059026,1,10,10,1000,0.800000,0.010000,100,3,483.545000,1
1071424433,1,10,10,1000,0.800000,0.010000,100,3,490.665000,1
443058432,1,10,10,1000,0.800000,0.010000,100,3,482.733000,1
1943870578,1,10,10,1000,0.800000,0.010000,100,3,483.128500,1
1707281414,1,10,10,1000,0.800000,0.010000,100,3,485.055500,1
404220544,1,10,10,1000,0.800000,0.010000,100,3,494.048000,1
1103883616,1,10,10,1000,0.800000,0.010000,100,3,489.814750,1
689323634,1,10,10,1000,0.800000,0.010000,100,3,497.339750,1
686453211,1,10,10,1000,0.800000,0.010000,100,3,488.291000,1
538872904,1,10,10,1000,0.800000,0.010000,100,3,489.794750,1
1403082132,1,10,10,1000,0.800000,0.010000,100,3,496.186750,1
36654985,1,10,10,1000,0.800000,0.010000,100,3,495.308500,1
375851405,1,10,10,1000,0.800000,0.010000,100,3,486.692500,1
135012705,1,10,10,1000,0.800000,0.010000,100,3,489.416250,1
1680646070,1,10,10,1000,0.800000,0.010000,100,3,484.224500,1
2068964361,1,10,10,1000,0.800000,0.010000,100,3,487.445000,1
1032241579,1,10,10,1000,0.800000,0.010000,100,3,485.983750,1
1782885392,1,10,10,1000,0.800000,0.010000,100,3,490.828750,1
594707582,1,10,10,1000,0.800000,0.010000,100,3,501.542500,1
803266919,1,10,10,1000,0.800000,0.010000,100,3,489.614250,1
2085204762,1,10,10,1000,0.800000,0.010000,100,3,489.584250,1
1627187127,1,10,10,1000,0.800000,0.010000,100,3,488.521000,1
1764235120,1,10,10,1000,0.800000,0.010000,100,3,482.047750,1
736860434,1,10,10,1000,0.800000,0.010000,100,3,482.175250,1
705187944,1,10,10,1000,0.800000,0.010000,100,3,486.098750,1
50445851,1,10,10,1000,0.800000,0.010000,100,3,490.776750,1
1860594247,1,10,10,1000,0.800000,0.010000,100,3,486.137750,1
1177869059,1,10,10,1000,0.800000,0.010000,100,3,485.716250,1
154823288,1,10,10,1000,0.800000,0.010000,100,3,486.831000,1
2070652069,1,10,10,1000,0.800000,0.010000,100,3,484.377750,1
2025956091,1,10,10,1000,0.800000,0.010000,100,3,480.974250,1
1499403756,1,10,10,1000,0.800000,0.010000,100,3,490.392250,1
407316355,1,10,10,1000,0.800000,0.010000,100,3,489.735250,1
1167304106,1,10,10,1000,0.800000,0.010000,100,3,489.100000,1
1647253133,1,10,10,1000,0.800000,0.010000,100,3,486.614000,1
1168203811,1,10,10,1000,0.800000,0.010000,100,3,487.286000,1
604892434,1,10,10,1000,0.800000,0.010000,100,3,489.558250,1
1186823426,1,10,10,1000,0.800000,0.010000,100,3,487.071750,1
1043243195,1,10,10,1000,0.800000,0.010000,100,3,485.980250,1
667535171,1,10,10,1000,0.800000,0.010000,100,3,484.846250,1
826553813,1,10,10,1000,0.800000,0.010000,100,3,486.667500,1
1794081868,1,10,10,1000,0.800000,0.010000,100,3,489.070000,1
373797074,1,10,10,1000,0.800000,0.010000,100,3,485.451000,1
2008169462,1,10,10,1000,0.800000,0.010000,100,3,485.124250,1
1929365778,1,10,10,1000,0.800000,0.010000,100,3,492.234500,1
729358844,1,10,10,1000,0.800000,0.010000,100,3,489.444500,1
410861047,1,10,10,1000,0.800000,0.010000,100,3,490.452000,1
608086659,1,10,10,1000,0.800000,0.010000,100,3,488.893000,1
1912408766,1,10,10,1000,0.800000,0.010000,100,3,478.074500,1
1419379696,1,10,10,1000,0.800000,0.010000,100,3,489.950500,1
94803785,1,10,10,1000,0.800000,0.010000,100,3,480.120250,1
1956444890,1,10,10,1000,0.800000,0.010000,100,3,491.588250,1
1241413729,1,10,10,1000,0.800000,0.010000,100,3,484.257500,1
683627549,1,10,10,1000,0.800000,0.010000,100,3,483.871000,1
386269636,1,10,10,1000,0.800000,0.010000,100,3,491.366250,1
1172785147,1,10,10,1000,0.800000,0.010000,100,3,480.334500,1
1541313616,1,10,10,1000,0.800000,0.010000,100,3,484.747500,1
1257074348,1,10,10,1000,0.800000,0.010000,100,3,483.183000,1
666875817,1,10,10,1000,0.800000,0.010000,100,3,489.170250,1
366564457,1,10,10,1000,0.800000,0.010000,100,3,485.121750,1
1341585482,1,10,10,1000,0.800000,0.010000,100,3,483.906500,1
982110617,1,10,10,1000,0.800000,0.010000,100,3,485.368500,1
1011816098,1,10,10,1000,0.800000,0.010000,100,3,490.566000,1
735754746,1,10,10,1000,0.800000,0.010000,100,3,489.323750,1
1486401751,1,10,10,1000,0.800000,0.010000,100,3,485.996000,1
759785105,1,10,10,1000,0.800000,0.010000,100,3,491.126250,1
278830291,1,10,10,1000,0.800000,0.010000,100,3,495.941500,1
497535867,1,10,10,1000,0.800000,0.010000,100,3,492.184750,1
1463929356,1,10,10,1000,0.800000,0.010000,100,3,485.504750,1
1751409962,1,10,10,1000,0.800000,0.010000,100,3,483.723250,1
1480835835,1,10,10,1000,0.800000,0.010000,100,3,482.729750,1
1232867155,1,10,10,1000,0.800000,0.010000,100,3,486.072000,1
1772766220,1,10,10,1000,0.800000,0.010000,100,3,487.663500,1
1236910213,1,10,10,1000,0.800000,0.010000,100,3,484.871750,1
181778027,1,10,10,1000,0.800000,0.010000,100,3,488.899250,1
1517284681,1,10,10,1000,0.800000,0.010000,100,3,500.461500,1
17148187,1,10,10,1000,0.800000,0.010000,100,3,486.005000,1
1967063383,1,10,10,1000,0.800000,0.010000,100,3,484.992250,1
1365930500,1,10,10,1000,0.800000,0.010000,100,3,489.940000,1
1352876216,1,10,10,1000,0.800000,0.010000,100,3,487.657750,1
284193557,1,10,10,1000,0.800000,0.010000,100,3,492.263500,1
560113224,1,10,10,1000,0.800000,0.010000,100,3,484.233250,1
654114702,1,10,10,1000,0.800000,0.010000,100,3,489.543250,1
330688880,1,10,10,1000,0.800000,0.010000,100,3,483.492500,1
1847783485,1,10,10,1000,0.800000,0.010000,100,3,485.149500,1
252128201,1,10,10,1000,0.800000,0.010000,100,3,488.625500,1
993141955,1,10,10,1000,0.800000,0.010000,100,3,482.296000,1
276032342,1,10,10,1000,0.800000,0.010000,100,3,484.698250,1
867263190,1,10,10,1000,0.800000,0.010000,100,3,488.335750,1
1345923597,1,10,10,1000,0.800000,0.010000,100,3,488.720000,1
556996824,1,10,10,1000,0.800000,0.010000,100,3,488.245250,1
2126482902,1,10,10,1000,0.800000,0.010000,100,3,486.068250,1
447656415,1,10,10,1000,0.800000,0.010000,100,3,489.418250,1
516148487,1,10,10,1000,0.800000,0.010000,100,3,499.607250,1
242256753,1,10,10,1000,0.800000,0.010000,100,3,487.051000,1
1960701909,1,10,10,1000,0.800000,0.010000,100,3,484.751000,1
360122586,1,10,10,1000,0.800000,0.010000,100,3,484.573750,1
1587251284,1,10,10,1000,0.800000,0.010000,100,3,485.909500,1
1647645883,1,10,10,1000,0.800000,0.010000,100,3,487.331000,1
2119646311,1,10,10,1000,0.800000,0.010000,100,3,485.729250,1
754120625,1,10,10,1000,0.800000,0.010000,100,3,483.704500,1
875382266,1,10,10,1000,0.800000,0.010000,100,3,481.379250,1
195802607,1,10,10,1000,0.800000,0.010000,100,3,480.150000,1
1543745186,1,10,10,1000,0.800000,0.010000,100,3,488.308750,1
1760424511,1,10,10,1000,0.800000,0.010000,100,3,489.868000,1
1410549226,1,10,10,1000,0.800000,0.010000,100,3,487.901000,1
2049059288,1,10,10,1000,0.800000,0.010000,100,3,489.510500,1
902701486,1,10,10,1000,0.800000,0.010000,100,3,485.491000,1
1551977596,1,10,10,1000,0.800000,0.010000,100,3,486.541000,1
1869063141,1,10,10,1000,0.800000,0.010000,100,3,489.625250,1
1784211134,1,10,10,1000,0.800000,0.010000,100,3,492.672750,1
1896702793,1,10,10,1000,0.800000,0.010000,100,3,488.079500,1
609977180,1,10,10,1000,0.800000,0.010000,100,3,482.454500,1
1874654690,1,10,10,1000,0.800000,0.010000,100,3,487.282250,1
558521222,1,10,10,1000,0.800000,0.010000,100,3,478.451000,1
905161747,1,10,10,1000,0.800000,0.010000,100,3,493.093000,1
1750286911,1,10,10,1000,0.800000,0.010000,100,3,483.590750,1
1218010751,1,10,10,1000,0.800000,0.010000,100,3,482.809500,1
518565267,1,10,10,1000,0.800000,0.010000,100,3,487.456750,1
899784439,1,10,10,1000,0.800000,0.010000,100,3,484.013000,1
1503327744,1,10,10,1000,0.800000,0.010000,100,3,484.705750,1
1830438574,1,10,10,1000,0.800000,0.010000,100,3,487.671500,1
1426823517,1,10,10,1000,0.800000,0.010000,100,3,484.068750,1
1952408274,1,10,10,1000,0.800000,0.010000,100,3,489.850000,1
588433941,1,10,10,1000,0.800000,0.010000,100,3,491.050000,1
1117467885,1,10,10,1000,0.800000,0.010000,100,3,481.976000,1
117989420,1,10,10,1000,0.800000,0.010000,100,3,483.123250,1
513730575,1,10,10,1000,0.800000,0.010000,100,3,487.332750,1
1934513424,1,10,10,1000,0.800000,0.010000,100,3,483.905250,1
1255166998,1,10,10,1000,0.800000,0.010000,100,3,485.673500,1
1158698497,1,10,10,1000,0.800000,0.010000,100,3,487.240250,1
193008662,1,10,10,1000,0.800000,0.010000,100,3,494.108500,1
985442287,1,10,10,1000,0.800000,0.010000,100,3,485.402500,1
193537027,1,10,10,1000,0.800000,0.010000,100,3,488.507500,1
1387830043,1,10,10,1000,0.800000,0.010000,100,3,491.934000,1
2107933120,1,10,10,1000,0.800000,0.010000,100,3,492.457750,1
1116207066,1,10,10,1000,0.800000,0.010000,100,3,485.442500,1
1301192590,1,10,10,1000,0.800000,0.010000,100,3,494.940750,1
603090776,1,10,10,1000,0.800000,0.010000,100,3,481.408250,1
729033672,1,10,10,1000,0.800000,0.010000,100,3,492.084750,1
1997525116,1,10,10,1000,0.800000,0.010000,100,3,500.919750,1
130581794,1,10,10,1000,0.800000,0.010000,100,3,487.808250,1
652069200,1,10,10,1000,0.800000,0.010000,100,3,486.561250,1
2132281191,1,10,10,1000,0.800000,0.010000,100,3,489.071750,1
171157799,1,10,10,1000,0.800000,0.010000,100,3,486.323500,1
1532094945,1,10,10,1000,0.800000,0.010000,100,3,484.640750,1
266953819,1,10,10,1000,0.800000,0.010000,100,3,485.346750,1
282266957,1,10,10,1000,0.800000,0.010000,100,3,486.896250,1
227506071,1,10,10,1000,0.800000,0.010000,100,3,479.443500,1
1747245214,1,10,10,1000,0.800000,0.010000,100,3,482.039000,1
1196830236,1,10,10,1000,0.800000,0.010000,100,3,483.252000,1
493818543,1,10,10,1000,0.800000,0.010000,100,3,487.107000,1
2103881268,1,10,10,1000,0.800000,0.010000,100,3,483.930500,1
90047336,1,10,10,1000,0.800000,0.010000,100,3,481.487750,1
136513646,1,10,10,1000,0.800000,0.010000,100,3,481.050500,1
1984064974,1,10,10,1000,0.800000,0.010000,100,3,489.098750,1
908295665,1,10,10,1000,0.800000,0.010000,100,3,481.314500,1
152221060,1,10,10,1000,0.800000,0.010000,100,3,485.743500,1
2046500967,1,10,10,1000,0.800000,0.010000,100,3,484.385500,1
335612899,1,10,10,1000,0.800000,0.010000,100,3,485.723000,1
750591962,1,10,10,1000,0.800000,0.010000,100,3,500.834250,1
159788066,1,10,10,1000,0.800000,0.010000,100,3,495.023750,1
454336912,1,10,10,1000,0.800000,0.010000,100,3,483.197000,1
286739778,1,10,10,1000,0.800000,0.010000,100,3,486.944500,1
793058800,1,10,10,1000,0.800000,0.010000,100,3,481.196750,1
1515423050,1,10,10,1000,0.800000,0.010000,100,3,496.344000,1
1212983535,1,10,10,1000,0.800000,0.010000,100,3,486.214500,1
2024632074,1,10,10,1000,0.800000,0.010000,100,3,484.779000,1
826285044,1,10,10,1000,0.800000,0.010000,100,3,487.486000,1
1097875657,1,10,10,1000,0.800000,0.010000,100,3,478.346250,1
1761967128,1,10,10,1000,0.800000,0.010000,100,3,491.539750,1
329050591,1,10,10,1000,0.800000,0.010000,100,3,489.044500,1
790615465,1,10,10,1000,0.800000,0.010000,100,3,484.124500,1
712915251,1,10,10,1000,0.800000,0.010000,100,3,484.483000,1
327023697,1,10,10,1000,0.800000,0.010000,100,3,486.038750,1
336703505,1,10,10,1000,0.800000,0.010000,100,3,483.216250,1
221268942,1,10,10,1000,0.800000,0.010000,100,3,482.821000,1
521855633,1,10,10,1000,0.800000,0.010000,100,3,482.810750,1
1665532312,1,10,10,1000,0.800000,0.010000,100,3,492.025250,1
1535034759,1,10,10,1000,0.800000,0.010000,100,3,483.852750,1
257299930,1,10,10,1000,0.800000,0.010000,100,3,478.253250,1
1726289432,1,10,10,1000,0.800000,0.010000,100,3,485.614250,1
2013131291,1,10,10,1000,0.800000,0.010000,100,3,486.560500,1
1799986592,1,10,10,1000,0.800000,0.010000,100,3,483.062000,1
1340712105,1,10,10,1000,0.800000,0.010000,100,3,484.275000,1
1568809016,1,10,10,1000,0.800000,0.010000,100,3,483.614750,1
1845330719,1,10,10,1000,0.800000,0.010000,100,3,489.990750,1
1958371196,1,10,10,1000,0.800000,0.010000,100,3,496.214750,1
966381394,1,10,10,1000,0.800000,0.010000,100,3,484.829500,1
1716719475,1,10,10,1000,0.800000,0.010000,100,3,486.267000,1
1228670303,1,10,10,1000,0.800000,0.010000,100,3,491.080750,1
700172501,1,10,10,1000,0.800000,0.010000,100,3,488.790750,1
382114008,1,10,10,1000,0.800000,0.010000,100,3,484.234000,1
366825462,1,10,10,1000,0.800000,0.010000,100,3,483.568750,1
1900058354,1,10,10,1000,0.800000,0.010000,100,3,485.252750,1
1004649944,1,10,10,1000,0.800000,0.010000,100,3,481.050750,1
215141849,1,10,10,1000,0.800000,0.010000,100,3,489.843250,1
1364674298,1,10,10,1000,0.800000,0.010000,100,3,485.047000,1
902819305,1,10,10,1000,0.800000,0.010000,100,3,490.250750,1
1868835737,1,10,10,1000,0.800000,0.010000,100,3,489.898250,1
1689884092,1,10,10,1000,0.800000,0.010000,100,3,486.584500,1
849123053,1,10,10,1000,0.800000,0.010000,100,3,489.540750,1
18685196,1,10,10,1000,0.800000,0.010000,100,3,486.081750,1
908887027,1,10,10,1000,0.800000,0.010000,100,3,485.823500,1
242455826,1,10,10,1000,0.800000,0.010000,100,3,489.524000,1
474546339,1,10,10,1000,0.800000,0.010000,100,3,485.094750,1
1206892974,1,10,10,1000,0.800000,0.010000,100,3,483.457000,1
1938936771,1,10,10,1000,0.800000,0.010000,100,3,483.986750,1
1814325378,1,10,10,1000,0.800000,0.010000,100,3,481.692750,1
2096901219,1,10,10,1000,0.800000,0.010000,100,3,486.855250,1
863686658,1,10,10,1000,0.800000,0.010000,100,3,484.035000,1
1881319367,1,10,10,1000,0.800000,0.010000,100,3,478.008750,1
151359099,1,10,10,1000,0.800000,0.010000,100,3,487.296750,1
107386010,1,10,10,1000,0.800000,0.010000,100,3,486.490250,1
489999393,1,10,10,1000,0.800000,0.010000,100,3,484.270250,1
1340715738,1,10,10,1000,0.800000,0.010000,100,3,488.948500,1
794345765,1,10,10,1000,0.800000,0.010000,100,3,483.307500,1
113966558,1,10,10,1000,0.800000,0.010000,100,3,494.178000,1
1553551365,1,10,10,1000,0.800000,0.010000,100,3,484.021000,1
835691606,1,10,10,1000,0.800000,0.010000,100,3,482.409250,1
1902063723,1,10,10,1000,0.800000,0.010000,100,3,488.926500,1
1454260649,1,10,10,1000,0.800000,0.010000,100,3,479.182500,1
2064606020,1,10,10,1000,0.800000,0.010000,100,3,482.644250,1
18166083,1,10,10,1000,0.800000,0.010000,100,3,495.838750,1
1440670230,1,10,10,1000,0.800000,0.010000,100,3,490.401000,1
487227657,1,10,10,1000,0.800000,0.010000,100,3,490.140500,1
1499186814,1,10,10,1000,0.800000,0.010000,100,3,484.572000,1
636329479,1,10,10,1000,0.800000,0.010000,100,3,484.516000,1
554913101,1,10,10,1000,0.800000,0.010000,100,3,493.300750,1
1891676689,1,10,10,1000,0.800000,0.010000,100,3,496.414000,1
1302666698,1,10,10,1000,0.800000,0.010000,100,3,480.592250,1
1501744801,1,10,10,1000,0.800000,0.010000,100,3,481.241750,1
1521109067,1,10,10,1000,0.800000,0.010000,100,3,489.963250,1
557882033,1,10,10,1000,0.800000,0.010000,100,3,495.897750,1
1845939214,1,10,10,1000,0.800000,0.010000,100,3,487.981750,1
1433973312,1,10,10,1000,0.800000,0.010000,100,3,485.761750,1
1181262029,1,10,10,1000,0.800000,0.010000,100,3,484.599250,1
1828002315,1,10,10,1000,0.800000,0.010000,100,3,489.496500,1
786354480,1,10,10,1000,0.800000,0.010000,100,3,488.281750,1
891553375,1,10,10,1000,0.800000,0.010000,100,3,483.674500,1
1503205223,1,10,10,1000,0.800000,0.010000,100,3,483.360500,1
1086635965,1,10,10,1000,0.800000,0.010000,100,3,485.902500,1
1412055179,1,10,10,1000,0.800000,0.010000,100,3,494.951000,1
439949576,1,10,10,1000,0.800000,0.010000,100,3,489.757000,1
1127097042,1,10,10,1000,0.800000,0.010000,100,3,482.558250,1
1507893474,1,10,10,1000,0.800000,0.010000,100,3,481.163250,1
752439514,1,10,10,1000,0.800000,0.010000,100,3,484.825500,1
762930525,1,10,10,1000,0.800000,0.010000,100,3,489.498750,1
715315656,1,10,10,1000,0.800000,0.010000,100,3,492.292500,1
492421166,1,10,10,1000,0.800000,0.010000,100,3,486.346500,1
1974798252,1,10,10,1000,0.800000,0.010000,100,3,485.306500,1
1406574084,1,10,10,1000,0.800000,0.010000,100,3,487.083750,1
828717612,1,10,10,1000,0.800000,0.010000,100,3,483.815250,1
1384930960,1,10,10,1000,0.800000,0.010000,100,3,486.013500,1
313459435,1,10,10,1000,0.800000,0.010000,100,3,500.067250,1
273028309,1,10,10,1000,0.800000,0.010000,100,3,503.566750,1
1862751644,1,10,10,1000,0.800000,0.010000,100,3,490.022500,1
2087355643,1,10,10,1000,0.800000,0.010000,100,3,492.800000,1
157426338,1,10,10,1000,0.800000,0.010000,100,3,487.972000,1
2084491898,1,10,10,1000,0.800000,0.010000,100,3,498.682500,1
1540607847,1,10,10,1000,0.800000,0.010000,100,3,485.782250,1
1590934033,1,10,10,1000,0.800000,0.010000,100,3,493.624000,1
634141437,1,10,10,1000,0.800000,0.010000,100,3,484.048500,1
163079348,1,10,10,1000,0.800000,0.010000,100,3,487.439500,1
1614504,1,10,10,1000,0.800000,0.010000,100,3,497.107250,1
720690042,1,10,10,1000,0.800000,0.010000,100,3,488.202750,1
1011160221,1,10,10,1000,0.800000,0.010000,100,3,490.164250,1
318362305,1,10,10,1000,0.800000,0.010000,100,3,486.122000,1
781350440,1,10,10,1000,0.800000,0.010000,100,3,484.209500,1
555066229,1,10,10,1000,0.800000,0.010000,100,3,500.671750,1
1601026061,1,10,10,1000,0.800000,0.010000,100,3,488.457000,1
426486988,1,10,10,1000,0.800000,0.010000,100,3,487.995250,1
399337664,1,10,10,1000,0.800000,0.010000,100,3,489.465500,1
407504624,1,10,10,1000,0.800000,0.010000,100,3,490.411750,1
1149055657,1,10,10,1000,0.800000,0.010000,100,3,487.014750,1
675490256,1,10,10,1000,0.800000,0.010000,100,3,486.107250,1
2101920858,1,10,10,1000,0.800000,0.010000,100,3,501.797000,1
745859414,1,10,10,1000,0.800000,0.010000,100,3,487.669750,1
932088770,1,10,10,1000,0.800000,0.010000,100,3,488.503750,1
1764043451,1,10,10,1000,0.800000,0.010000,100,3,486.261000,1
2098789156,1,10,10,1000,0.800000,0.010000,100,3,481.034500,1
43243326,1,10,10,1000,0.800000,0.010000,100,3,481.129750,1
1067333385,1,10,10,1000,0.800000,0.010000,100,3,489.348000,1
1413384392,1,10,10,1000,0.800000,0.010000,100,3,489.710000,1
1815967093,1,10,10,1000,0.800000,0.010000,100,3,487.493750,1
242556507,1,10,10,1000,0.800000,0.010000,100,3,481.330750,1
1790138897,1,10,10,1000,0.800000,0.010000,100,3,483.309250,1
2096524240,1,10,10,1000,0.800000,0.010000,100,3,484.620500,1
2136207971,1,10,10,1000,0.800000,0.010000,100,3,487.432750,1
571727837,1,10,10,1000,0.800000,0.010000,100,3,491.313750,1
1920479863,1,10,10,1000,0.800000,0.010000,100,3,487.741750,1
1380552962,1,10,10,1000,0.800000,0.010000,100,3,484.240750,1
964557070,1,10,10,1000,0.800000,0.010000,100,3,484.763000,1
430325439,1,10,10,1000,0.800000,0.010000,100,3,500.491750,1
646075380,1,10,10,1000,0.800000,0.010000,100,3,492.264500,1
1091692968,1,10,10,1000,0.800000,0.010000,100,3,502.477250,1
1734682807,1,10,10,1000,0.800000,0.010000,100,3,498.208000,1
1944424316,1,10,10,1000,0.800000,0.010000,100,3,488.254250,1
2003000369,1,10,10,1000,0.800000,0.010000,100,3,486.949000,1
990726286,1,10,10,1000,0.800000,0.010000,100,3,483.035750,1
599934638,1,10,10,1000,0.800000,0.010000,100,3,492.746500,1
2025852706,1,10,10,1000,0.800000,0.010000,100,3,478.670000,1
29629762,1,10,10,1000,0.800000,0.010000,100,3,486.748500,1
1528058396,1,10,10,1000,0.800000,0.010000,100,3,484.598250,1
1768454753,1,10,10,1000,0.800000,0.010000,100,3,485.057000,1
246168735,1,10,10,1000,0.800000,0.010000,100,3,488.309750,1
1841522109,1,10,10,1000,0.800000,0.010000,100,3,490.614250,1
1110015749,1,10,10,1000,0.800000,0.010000,100,3,513.431250,1
1366463940,1,10,10,1000,0.800000,0.010000,100,3,488.390750,1
586510574,1,10,10,1000,0.800000,0.010000,100,3,491.550000,1
673767783,1,10,10,1000,0.800000,0.010000,100,3,489.759750,1
298135429,1,10,10,1000,0.800000,0.010000,100,3,491.881500,1
699244722,1,10,10,1000,0.800000,0.010000,100,3,489.353500,1
287507553,1,10,10,1000,0.800000,0.010000,100,3,489.269000,1
684591970,1,10,10,1000,0.800000,0.010000,100,3,486.720500,1
1839541484,1,10,10,1000,0.800000,0.010000,100,3,484.672250,1
2058595027,1,10,10,1000,0.800000,0.010000,100,3,482.971250,1
517540999,1,10,10,1000,0.800000,0.010000,100,3,487.932750,1
440204482,1,10,10,1000,0.800000,0.010000,100,3,488.522500,1
343483337,1,10,10,1000,0.800000,0.010000,100,3,489.121750,1
1198936682,1,10,10,1000,0.800000,0.010000,100,3,482.770250,1
184946000,1,10,10,1000,0.800000,0.010000,100,3,486.617750,1
1584649486,1,10,10,1000,0.800000,0.010000,100,3,484.847250,1
802997524,1,10,10,1000,0.800000,0.010000,100,3,485.261750,1
1804402816,1,10,10,1000,0.800000,0.010000,100,3,486.668500,1
194427580,1,10,10,1000,0.800000,0.010000,100,3,486.040500,1
319197633,1,10,10,1000,0.800000,0.010000,100,3,490.409500,1
836531720,1,10,10,1000,0.800000,0.010000,100,3,487.616750,1
1944233997,1,10,10,1000,0.800000,0.010000,100,3,487.916000,1
589183410,1,10,10,1000,0.800000,0.010000,100,3,498.144250,1
251104881,1,10,10,1000,0.800000,0.010000,100,3,491.115750,1
2010801161,1,10,10,1000,0.800000,0.010000,100,3,481.880500,1
1858142496,1,10,10,1000,0.800000,0.010000,100,3,486.890500,1
73380998,1,10,10,1000,0.800000,0.010000,100,3,483.894250,1
252595083,1,10,10,1000,0.800000,0.010000,100,3,486.870250,1
936287862,1,10,10,1000,0.800000,0.010000,100,3,486.629000,1
410253667,1,10,10,1000,0.800000,0.010000,100,3,487.903250,1
1377136382,1,10,10,1000,0.800000,0.010000,100,3,487.707750,1
543723749,1,10,10,1000,0.800000,0.010000,100,3,485.348750,1
2023222831,1,10,10,1000,0.800000,0.010000,100,3,487.873500,1
1284952415,1,10,10,1000,0.800000,0.010000,100,3,484.905750,1
256111265,1,10,10,1000,0.800000,0.010000,100,3,487.052500,1
92025909,1,10,10,1000,0.800000,0.010000,100,3,483.221500,1
1345483502,1,10,10,1000,0.800000,0.010000,100,3,485.983750,1
975371676,1,10,10,1000,0.800000,0.010000,100,3,487.122000,1
971149769,1,10,10,1000,0.800000,0.010000,100,3,485.861250,1
487162775,1,10,10,1000,0.800000,0.010000,100,3,484.893750,1
588817967,1,10,10,1000,0.800000,0.010000,100,3,478.995000,1
516788665,1,10,10,1000,0.800000,0.010000,100,3,483.350250,1
206064336,1,10,10,1000,0.800000,0.010000,100,3,486.785750,1
500532423,1,10,10,1000,0.800000,0.010000,100,3,487.609000,1
617096066,1,10,10,1000,0.800000,0.010000,100,3,484.849500,1
856394833,1,10,10,1000,0.800000,0.010000,100,3,483.567250,1
2082848607,1,10,10,1000,0.800000,0.010000,100,3,482.076000,1
1627764909,1,10,10,1000,0.800000,0.010000,100,3,484.929000,1
1397816616,1,10,10,1000,0.800000,0.010000,100,3,492.217000,1
534846337,1,10,10,1000,0.800000,0.010000,100,3,514.775750,1
1446987218,1,10,10,1000,0.800000,0.010000,100,3,505.872000,1
1847297817,1,10,10,1000,0.800000,0.010000,100,3,530.538250,1
2065117400,1,10,10,1000,0.800000,0.010000,100,3,544.716250,1
1691682609,1,10,10,1000,0.800000,0.010000,100,3,572.160000,1
1651977643,1,10,10,1000,0.800000,0.010000,100,3,581.456000,1
261606859,1,10,10,1000,0.800000,0.010000,100,3,547.800750,1
2146953637,1,10,10,1000,0.800000,0.010000,100,3,503.570750,1
1413042061,1,10,10,1000,0.800000,0.010000,100,3,518.567000,1
1290128977,1,10,10,1000,0.800000,0.010000,100,3,509.434500,1
372168232,1,10,10,1000,0.800000,0.010000,100,3,562.958500,1
1937589017,1,10,10,1000,0.800000,0.010000,100,3,525.948000,1
553325560,1,10,10,1000,0.800000,0.010000,100,3,510.511750,1
1326523819,1,10,10,1000,0.800000,0.010000,100,3,537.131000,1
1401388650,1,10,10,1000,0.800000,0.010000,100,3,515.375750,1
651526452,1,10,10,1000,0.800000,0.010000,100,3,520.324000,1
1541951641,1,10,10,1000,0.800000,0.010000,100,3,510.446000,1
2117855441,1,10,10,1000,0.800000,0.010000,100,3,511.112500,1
1775536322,1,10,10,1000,0.800000,0.010000,100,3,510.060250,1
330858149,1,10,10,1000,0.800000,0.010000,100,3,513.882500,1
1127369676,1,10,10,1000,0.800000,0.010000,100,3,509.934000,1
1646177080,1,10,10,1000,0.800000,0.010000,100,3,511.987000,1
1710910429,1,10,10,1000,0.800000,0.010000,100,3,509.437250,1
221512889,1,10,10,1000,0.800000,0.010000,100,3,510.263500,1
228401944,1,10,10,1000,0.800000,0.010000,100,3,508.520000,1
16225646,1,10,10,1000,0.800000,0.010000,100,3,508.693500,1
207894349,1,10,10,1000,0.800000,0.010000,100,3,511.408250,1
265619578,1,10,10,1000,0.800000,0.010000,100,3,517.607250,1
1618406981,1,10,10,1000,0.800000,0.010000,100,3,509.629000,1
704610345,1,10,10,1000,0.800000,0.010000,100,3,511.253250,1
532131753,1,10,10,1000,0.800000,0.010000,100,3,512.983250,1
1484188704,1,10,10,1000,0.800000,0.010000,100,3,509.152000,1
1410507701,1,10,10,1000,0.800000,0.010000,100,3,512.238750,1
853534781,1,10,10,1000,0.800000,0.010000,100,3,507.138000,1
229829308,1,10,10,1000,0.800000,0.010000,100,3,511.761750,1
1642317946,1,10,10,1000,0.800000,0.010000,100,3,513.975250,1
2060636764,1,10,10,1000,0.800000,0.010000,100,3,510.620500,1
181770541,1,10,10,1000,0.800000,0.010000,100,3,509.583750,1
639336108,1,10,10,1000,0.800000,0.010000,100,3,509.697000,1
279263121,1,10,10,1000,0.800000,0.010000,100,3,517.628000,1
1980763893,1,10,10,1000,0.800000,0.010000,100,3,510.490750,1
786397672,1,10,10,1000,0.800000,0.010000,100,3,506.445750,1
1588077396,1,10,10,1000,0.800000,0.010000,100,3,512.606750,1
580103858,1,10,10,1000,0.800000,0.010000,100,3,511.562750,1
1834337734,1,10,10,1000,0.800000,0.010000,100,3,510.987250,1
1891711227,1,10,10,1000,0.800000,0.010000,100,3,510.885750,1
1512095202,1,10,10,1000,0.800000,0.010000,100,3,511.680500,1
1340641362,1,10,10,1000,0.800000,0.010000,100,3,512.396250,1
1648952494,1,10,10,1000,0.800000,0.010000,100,3,509.793250,1
1616027493,1,10,10,1000,0.800000,0.010000,100,3,517.541750,1
864642223,1,10,10,1000,0.800000,0.010000,100,3,507.394250,1
326344450,1,10,10,1000,0.800000,0.010000,100,3,514.498250,1
2062124777,1,10,10,1000,0.800000,0.010000,100,3,513.715250,1
192783098,1,10,10,1000,0.800000,0.010000,100,3,513.823500,1
1275585691,1,10,10,1000,0.800000,0.010000,100,3,515.498000,1
535371613,1,10,10,1000,0.800000,0.010000,100,3,510.065750,1
352676376,2,10,10,1000,0.800000,0.010000,100,3,273.687750,1
1146857802,2,10,10,1000,0.800000,0.010000,100,3,277.466000,1
1214017779,2,10,10,1000,0.800000,0.010000,100,3,304.143500,1
1058041574,2,10,10,1000,0.800000,0.010000,100,3,320.408000,1
1246690987,2,10,10,1000,0.800000,0.010000,100,3,280.665000,1
962971773,2,10,10,1000,0.800000,0.010000,100,3,289.613750,1
996978217,2,10,10,1000,0.800000,0.010000,100,3,311.478250,1
1608295914,2,10,10,1000,0.800000,0.010000,100,3,286.903500,1
1488106299,2,10,10,1000,0.800000,0.010000,100,3,269.553250,1
883903855,2,10,10,1000,0.800000,0.010000,100,3,278.227250,1
760296864,2,10,10,1000,0.800000,0.010000,100,3,270.308750,1
325223560,2,10,10,1000,0.800000,0.010000,100,3,271.515250,1
1576253544,2,10,10,1000,0.800000,0.010000,100,3,272.961250,1
1789546341,2,10,10,1000,0.800000,0.010000,100,3,270.888250,1
1817491342,2,10,10,1000,0.800000,0.010000,100,3,269.368750,1
159546503,2,10,10,1000,0.800000,0.010000,100,3,274.449250,1
1862165008,2,10,10,1000,0.800000,0.010000,100,3,271.532000,1
150880134,2,10,10,1000,0.800000,0.010000,100,3,273.182500,1
1530628190,2,10,10,1000,0.800000,0.010000,100,3,268.631500,1
584930593,2,10,10,1000,0.800000,0.010000,100,3,272.900000,1
1314811546,2,10,10,1000,0.800000,0.010000,100,3,270.035500,1
1250357562,2,10,10,1000,0.800000,0.010000,100,3,269.593500,1
1625811982,2,10,10,1000,0.800000,0.010000,100,3,273.278250,1
1873548139,2,10,10,1000,0.800000,0.010000,100,3,268.083250,1
1922700415,2,10,10,1000,0.800000,0.010000,100,3,272.549000,1
1866179142,2,10,10,1000,0.800000,0.010000,100,3,267.479000,1
443199414,2,10,10,1000,0.800000,0.010000,100,3,271.703500,1
128349172,2,10,10,1000,0.800000,0.010000,100,3,269.958500,1
1822656701,2,10,10,1000,0.800000,0.010000,100,3,269.415250,1
612073622,2,10,10,1000,0.800000,0.010000,100,3,271.364750,1
1706948664,2,10,10,1000,0.800000,0.010000,100,3,270.571500,1
878964153,2,10,10,1000,0.800000,0.010000,100,3,267.314750,1
604274604,2,10,10,1000,0.800000,0.010000,100,3,272.864500,1
1569682201,2,10,10,1000,0.800000,0.010000,100,3,268.992750,1
116761185,2,10,10,1000,0.800000,0.010000,100,3,272.802250,1
2118974232,2,10,10,1000,0.800000,0.010000,100,3,267.186500,1
728068899,2,10,10,1000,0.800000,0.010000,100,3,271.745000,1
956220442,2,10,10,1000,0.800000,0.010000,100,3,270.408750,1
1425234893,2,10,10,1000,0.800000,0.010000,100,3,272.046750,1
1690829362,2,10,10,1000,0.800000,0.010000,100,3,276.402750,1
2033187940,2,10,10,1000,0.800000,0.010000,100,3,269.711250,1
1893470490,2,10,10,1000,0.800000,0.010000,100,3,271.021500,1
1036074850,2,10,10,1000,0.800000,0.010000,100,3,268.562000,1
527095378,2,10,10,1000,0.800000,0.010000,100,3,271.722500,1
495249168,2,10,10,1000,0.800000,0.010000,100,3,266.546500,1
608917265,2,10,10,1000,0.800000,0.010000,100,3,272.459000,1
929568999,2,10,10,1000,0.800000,0.010000,100,3,266.860500,1
1152280507,2,10,10,1000,0.800000,0.010000,100,3,270.199500,1
272346186,2,10,10,1000,0.800000,0.010000,100,3,267.608250,1
755713277,2,10,10,1000,0.800000,0.010000,100,3,270.029500,1
83229392,2,10,10,1000,0.800000,0.010000,100,3,266.492500,1
1204434014,2,10,10,1000,0.800000,0.010000,100,3,270.864500,1
1011092174,2,10,10,1000,0.800000,0.010000,100,3,273.651250,1
2026243505,2,10,10,1000,0.800000,0.010000,100,3,269.910500,1
104229726,2,10,10,1000,0.800000,0.010000,100,3,268.972000,1
1835675059,2,10,10,1000,0.800000,0.010000,100,3,271.507750,1
1582789405,2,10,10,1000,0.800000,0.010000,100,3,267.172000,1
1038885687,2,10,10,1000,0.800000,0.010000,100,3,271.535000,1
1375104891,2,10,10,1000,0.800000,0.010000,100,3,265.869500,1
186664802,2,10,10,1000,0.800000,0.010000,100,3,272.346250,1
1498614113,2,10,10,1000,0.800000,0.010000,100,3,269.449500,1
1950052841,2,10,10,1000,0.800000,0.010000,100,3,269.970750,1
1818284849,2,10,10,1000,0.800000,0.010000,100,3,269.973250,1
2001178330,2,10,10,1000,0.800000,0.010000,100,3,271.134750,1
263483785,2,10,10,1000,0.800000,0.010000,100,3,272.380250,1
657367945,2,10,10,1000,0.800000,0.010000,100,3,269.919000,1
1899126264,2,10,10,1000,0.800000,0.010000,100,3,271.583250,1
940608629,2,10,10,1000,0.800000,0.010000,100,3,271.359750,1
2083762976,2,10,10,1000,0.800000,0.010000,100,3,270.157500,1
1091159898,2,10,10,1000,0.800000,0.010000,100,3,267.781500,1
1994805102,2,10,10,1000,0.800000,0.010000,100,3,269.675750,1
690474724,2,10,10,1000,0.800000,0.010000,100,3,272.305500,1
479990524,2,10,10,1000,0.800000,0.010000,100,3,271.563750,1
1578954892,2,10,10,1000,0.800000,0.010000,100,3,269.333250,1
209797050,2,10,10,1000,0.800000,0.010000,100,3,269.975000,1
858831182,2,10,10,1000,0.800000,0.010000,100,3,272.141500,1
104453132,2,10,10,1000,0.800000,0.010000,100,3,270.290500,1
679123285,2,10,10,1000,0.800000,0.010000,100,3,267.189750,1
222979447,2,10,10,1000,0.800000,0.010000,100,3,271.334500,1
1300139449,2,10,10,1000,0.800000,0.010000,100,3,269.336000,1
685960645,2,10,10,1000,0.800000,0.010000,100,3,273.062750,1
541708859,2,10,10,1000,0.800000,0.010000,100,3,268.372000,1
258776491,2,10,10,1000,0.800000,0.010000,100,3,272.450250,1
156700397,2,10,10,1000,0.800000,0.010000,100,3,266.988000,1
696333775,2,10,10,1000,0.800000,0.010000,100,3,272.183500,1
1933620654,2,10,10,1000,0.800000,0.010000,100,3,272.637000,1
2124321324,2,10,10,1000,0.800000,0.010000,100,3,269.458000,1
319507264,2,10,10,1000,0.800000,0.010000,100,3,267.008250,1
832059026,2,10,10,1000,0.800000,0.010000,100,3,272.098500,1
1071424433,2,10,10,1000,0.800000,0.010000,100,3,268.231250,1
443058432,2,10,10,1000,0.800000,0.010000,100,3,269.615000,1
1943870578,2,10,10,1000,0.800000,0.010000,100,3,269.865750,1
1707281414,2,10,10,1000,0.800000,0.010000,100,3,272.259000,1
404220544,2,10,10,1000,0.800000,0.010000,100,3,271.050000,1
1103883616,2,10,10,1000,0.800000,0.010000,100,3,270.840250,1
689323634,2,10,10,1000,0.800000,0.010000,100,3,272.555750,1
686453211,2,10,10,1000,0.800000,0.010000,100,3,267.919500,1
538872904,2,10,10,1000,0.800000,0.010000,100,3,272.219500,1
1403082132,2,10,10,1000,0.800000,0.010000,100,3,268.716250,1
36654985,2,10,10,1000,0.800000,0.010000,100,3,272.080000,1
375851405,2,10,10,1000,0.800000,0.010000,100,3,265.140500,1
135012705,2,10,10,1000,0.800000,0.010000,100,3,271.258000,1
1680646070,2,10,10,1000,0.800000,0.010000,100,3,269.656000,1
2068964361,2,10,10,1000,0.800000,0.010000,100,3,273.231500,1
1032241579,2,10,10,1000,0.800000,0.010000,100,3,271.450250,1
1782885392,2,10,10,1000,0.800000,0.010000,100,3,267.198750,1
594707582,2,10,10,1000,0.800000,0.010000,100,3,266.976500,1
803266919,2,10,10,1000,0.800000,0.010000,100,3,272.084500,1
2085204762,2,10,10,1000,0.800000,0.010000,100,3,270.531000,1
1627187127,2,10,10,1000,0.800000,0.010000,100,3,271.047250,1
1764235120,2,10,10,1000,0.800000,0.010000,100,3,269.107250,1
736860434,2,10,10,1000,0.800000,0.010000,100,3,268.602750,1
705187944,2,10,10,1000,0.800000,0.010000,100,3,268.638250,1
50445851,2,10,10,1000,0.800000,0.010000,100,3,270.521000,1
1860594247,2,10,10,1000,0.800000,0.010000,100,3,268.017000,1
1177869059,2,10,10,1000,0.800000,0.010000,100,3,268.544500,1
154823288,2,10,10,1000,0.800000,0.010000,100,3,271.582750,1
2070652069,2,10,10,1000,0.800000,0.010000,100,3,269.748250,1
2025956091,2,10,10,1000,0.800000,0.010000,100,3,272.153750,1
1499403756,2,10,10,1000,0.800000,0.010000,100,3,267.390250,1
407316355,2,10,10,1000,0.800000,0.010000,100,3,276.129250,1
1167304106,2,10,10,1000,0.800000,0.010000,100,3,268.184250,1
1647253133,2,10,10,1000,0.800000,0.010000,100,3,276.634750,1
1168203811,2,10,10,1000,0.800000,0.010000,100,3,274.103500,1
604892434,2,10,10,1000,0.800000,0.010000,100,3,273.592000,1
1186823426,2,10,10,1000,0.800000,0.010000,100,3,267.780500,1
1043243195,2,10,10,1000,0.800000,0.010000,100,3,269.196500,1
667535171,2,10,10,1000,0.800000,0.010000,100,3,270.799000,1
826553813,2,10,10,1000,0.800000,0.010000,100,3,268.868750,1
1794081868,2,10,10,1000,0.800000,0.010000,100,3,269.266500,1
373797074,2,10,10,1000,0.800000,0.010000,100,3,274.415500,1
2008169462,2,10,10,1000,0.800000,0.010000,100,3,270.162000,1
1929365778,2,10,10,1000,0.800000,0.010000,100,3,271.091750,1
729358844,2,10,10,1000,0.800000,0.010000,100,3,269.352250,1
410861047,2,10,10,1000,0.800000,0.010000,100,3,271.887750,1
608086659,2,10,10,1000,0.800000,0.010000,100,3,269.685250,1
1912408766,2,10,10,1000,0.800000,0.010000,100,3,272.024500,1
1419379696,2,10,10,1000,0.800000,0.010000,100,3,272.904000,1
94803785,2,10,10,1000,0.800000,0.010000,100,3,267.683750,1
1956444890,2,10,10,1000,0.800000,0.010000,100,3,270.534250,1
1241413729,2,10,10,1000,0.800000,0.010000,100,3,270.586750,1
683627549,2,10,10,1000,0.800000,0.010000,100,3,272.648500,1
386269636,2,10,10,1000,0.800000,0.010000,100,3,266.250250,1
1172785147,2,10,10,1000,0.800000,0.010000,100,3,275.529500,1
1541313616,2,10,10,1000,0.800000,0.010000,100,3,267.144250,1
1257074348,2,10,10,1000,0.800000,0.010000,100,3,270.873750,1
666875817,2,10,10,1000,0.800000,0.010000,100,3,270.479750,1
366564457,2,10,10,1000,0.800000,0.010000,100,3,273.044750,1
1341585482,2,10,10,1000,0.800000,0.010000,100,3,270.010000,1
982110617,2,10,10,1000,0.800000,0.010000,100,3,272.015000,1
1011816098,2,10,10,1000,0.800000,0.010000,100,3,271.072500,1
735754746,2,10,10,1000,0.800000,0.010000,100,3,269.422750,1
1486401751,2,10,10,1000,0.800000,0.010000,100,3,269.058750,1
759785105,2,10,10,1000,0.800000,0.010000,100,3,268.856750,1
278830291,2,10,10,1000,0.800000,0.010000,100,3,265.290250,1
497535867,2,10,10,1000,0.800000,0.010000,100,3,270.486750,1
1463929356,2,10,10,1000,0.800000,0.010000,100,3,266.553750,1
1751409962,2,10,10,1000,0.800000,0.010000,100,3,273.462250,1
1480835835,2,10,10,1000,0.800000,0.010000,100,3,266.834000,1
1232867155,2,10,10,1000,0.800000,0.010000,100,3,272.412750,1
1772766220,2,10,10,1000,0.800000,0.010000,100,3,271.086500,1
1236910213,2,10,10,1000,0.800000,0.010000,100,3,268.233750,1
181778027,2,10,10,1000,0.800000,0.010000,100,3,269.904500,1
1517284681,2,10,10,1000,0.800000,0.010000,100,3,267.772250,1
17148187,2,10,10,1000,0.800000,0.010000,100,3,272.994000,1
1967063383,2,10,10,1000,0.800000,0.010000,100,3,268.190250,1
1365930500,2,10,10,1000,0.800000,0.010000,100,3,271.993750,1
1352876216,2,10,10,1000,0.800000,0.010000,100,3,268.464000,1
284193557,2,10,10,1000,0.800000,0.010000,100,3,270.325000,1
560113224,2,10,10,1000,0.800000,0.010000,100,3,269.268750,1
654114702,2,10,10,1000,0.800000,0.010000,100,3,270.456250,1
330688880,2,10,10,1000,0.800000,0.010000,100,3,269.091500,1
1847783485,2,10,10,1000,0.800000,0.010000,100,3,269.996750,1
252128201,2,10,10,1000,0.800000,0.010000,100,3,267.646750,1
993141955,2,10,10,1000,0.800000,0.010000,100,3,270.645250,1
276032342,2,10,10,1000,0.800000,0.010000,100,3,272.633000,1
867263190,2,10,10,1000,0.800000,0.010000,100,3,270.042250,1
1345923597,2,10,10,1000,0.800000,0.010000,100,3,269.168750,1
556996824,2,10,10,1000,0.800000,0.010000,100,3,273.083750,1
2126482902,2,10,10,1000,0.800000,0.010000,100,3,268.493500,1
447656415,2,10,10,1000,0.800000,0.010000,100,3,269.947500,1
516148487,2,10,10,1000,0.800000,0.010000,100,3,269.474250,1
242256753,2,10,10,1000,0.800000,0.010000,100,3,272.729500,1
1960701909,2,10,10,1000,0.800000,0.010000,100,3,272.651000,1
360122586,2,10,10,1000,0.800000,0.010000,100,3,279.366250,1
1587251284,2,10,10,1000,0.800000,0.010000,100,3,269.981750,1
1647645883,2,10,10,1000,0.800000,0.010000,100,3,267.262250,1
2119646311,2,10,10,1000,0.800000,0.010000,100,3,271.631000,1
754120625,2,10,10,1000,0.800000,0.010000,100,3,266.375250,1
875382266,2,10,10,1000,0.800000,0.010000,100,3,269.523500,1
195802607,2,10,10,1000,0.800000,0.010000,100,3,266.721250,1
1543745186,2,10,10,1000,0.800000,0.010000,100,3,269.063000,1
1760424511,2,10,10,1000,0.800000,0.010000,100,3,271.146750,1
1410549226,2,10,10,1000,0.800000,0.010000,100,3,270.677000,1
2049059288,2,10,10,1000,0.800000,0.010000,100,3,267.146250,1
902701486,2,10,10,1000,0.800000,0.010000,100,3,269.860000,1
1551977596,2,10,10,1000,0.800000,0.010000,100,3,266.679250,1
1869063141,2,10,10,1000,0.800000,0.010000,100,3,272.281750,1
1784211134,2,10,10,1000,0.800000,0.010000,100,3,267.309500,1
1896702793,2,10,10,1000,0.800000,0.010000,100,3,271.054500,1
609977180,2,10,10,1000,0.800000,0.010000,100,3,266.009500,1
1874654690,2,10,10,1000,0.800000,0.010000,100,3,270.864750,1
558521222,2,10,10,1000,0.800000,0.010000,100,3,266.534000,1
905161747,2,10,10,1000,0.800000,0.010000,100,3,276.461000,1
1750286911,2,10,10,1000,0.800000,0.010000,100,3,267.334000,1
1218010751,2,10,10,1000,0.800000,0.010000,100,3,269.920500,1
518565267,2,10,10,1000,0.800000,0.010000,100,3,271.876500,1
899784439,2,10,10,1000,0.800000,0.010000,100,3,267.791750,1
1503327744,2,10,10,1000,0.800000,0.010000,100,3,269.961750,1
1830438574,2,10,10,1000,0.800000,0.010000,100,3,267.192000,1
1426823517,2,10,10,1000,0.800000,0.010000,100,3,269.818000,1
1952408274,2,10,10,1000,0.800000,0.010000,100,3,269.937500,1
588433941,2,10,10,1000,0.800000,0.010000,100,3,268.618500,1
1117467885,2,10,10,1000,0.800000,0.010000,100,3,269.019750,1
117989420,2,10,10,1000,0.800000,0.010000,100,3,267.650250,1
513730575,2,10,10,1000,0.800000,0.010000,100,3,268.393500,1
1934513424,2,10,10,1000,0.800000,0.010000,100,3,270.671500,1
1255166998,2,10,10,1000,0.800000,0.010000,100,3,268.986500,1
1158698497,2,10,10,1000,0.800000,0.010000,100,3,268.995750,1
193008662,2,10,10,1000,0.800000,0.010000,100,3,266.603500,1
985442287,2,10,10,1000,0.800000,0.010000,100,3,279.767250,1
193537027,2,10,10,1000,0.800000,0.010000,100,3,268.042250,1
1387830043,2,10,10,1000,0.800000,0.010000,100,3,269.751250,1
2107933120,2,10,10,1000,0.800000,0.010000,100,3,266.766000,1
1116207066,2,10,10,1000,0.800000,0.010000,100,3,269.788500,1
1301192590,2,10,10,1000,0.800000,0.010000,100,3,269.710000,1
603090776,2,10,10,1000,0.800000,0.010000,100,3,269.997750,1
729033672,2,10,10,1000,0.800000,0.010000,100,3,267.316500,1
1997525116,2,10,10,1000,0.800000,0.010000,100,3,270.947000,1
130581794,2,10,10,1000,0.800000,0.010000,100,3,269.951500,1
652069200,2,10,10,1000,0.800000,0.010000,100,3,269.347500,1
2132281191,2,10,10,1000,0.800000,0.010000,100,3,273.762750,1
171157799,2,10,10,1000,0.800000,0.010000,100,3,267.680500,1
1532094945,2,10,10,1000,0.800000,0.010000,100,3,270.228000,1
266953819,2,10,10,1000,0.800000,0.010000,100,3,269.817750,1
282266957,2,10,10,1000,0.800000,0.010000,100,3,268.168000,1
227506071,2,10,10,1000,0.800000,0.010000,100,3,266.726750,1
1747245214,2,10,10,1000,0.800000,0.010000,100,3,269.387250,1
1196830236,2,10,10,1000,0.800000,0.010000,100,3,266.260250,1
493818543,2,10,10,1000,0.800000,0.010000,100,3,273.804000,1
2103881268,2,10,10,1000,0.800000,0.010000,100,3,266.327250,1
90047336,2,10,10,1000,0.800000,0.010000,100,3,271.685500,1
136513646,2,10,10,1000,0.800000,0.010000,100,3,265.240500,1
1984064974,2,10,10,1000,0.800000,0.010000,100,3,270.509500,1
908295665,2,10,10,1000,0.800000,0.010000,100,3,269.096000,1
152221060,2,10,10,1000,0.800000,0.010000,100,3,271.089750,1
2046500967,2,10,10,1000,0.800000,0.010000,100,3,266.729500,1
335612899,2,10,10,1000,0.800000,0.010000,100,3,268.793250,1
750591962,2,10,10,1000,0.800000,0.010000,100,3,268.176750,1
159788066,2,10,10,1000,0.800000,0.010000,100,3,273.816750,1
454336912,2,10,10,1000,0.800000,0.010000,100,3,272.079750,1
286739778,2,10,10,1000,0.800000,0.010000,100,3,271.714000,1
793058800,2,10,10,1000,0.800000,0.010000,100,3,267.091500,1
1515423050,2,10,10,1000,0.800000,0.010000,100,3,275.770750,1
1212983535,2,10,10,1000,0.800000,0.010000,100,3,268.730750,1
2024632074,2,10,10,1000,0.800000,0.010000,100,3,272.495250,1
826285044,2,10,10,1000,0.800000,0.010000,100,3,271.358000,1
1097875657,2,10,10,1000,0.800000,0.010000,100,3,272.221000,1
1761967128,2,10,10,1000,0.800000,0.010000,100,3,275.117500,1
329050591,2,10,10,1000,0.800000,0.010000,100,3,274.893000,1
790615465,2,10,10,1000,0.800000,0.010000,100,3,285.376250,1
712915251,2,10,10,1000,0.800000,0.010000,100,3,267.736750,1
327023697,2,10,10,1000,0.800000,0.010000,100,3,274.432250,1
336703505,2,10,10,1000,0.800000,0.010000,100,3,273.551000,1
221268942,2,10,10,1000,0.800000,0.010000,100,3,270.387500,1
521855633,2,10,10,1000,0.800000,0.010000,100,3,266.780500,1
1665532312,2,10,10,1000,0.800000,0.010000,100,3,272.353500,1
1535034759,2,10,10,1000,0.800000,0.010000,100,3,270.216500,1
257299930,2,10,10,1000,0.800000,0.010000,100,3,270.500750,1
1726289432,2,10,10,1000,0.800000,0.010000,100,3,266.642750,1
2013131291,2,10,10,1000,0.800000,0.010000,100,3,268.019750,1
1799986592,2,10,10,1000,0.800000,0.010000,100,3,268.260000,1
1340712105,2,10,10,1000,0.800000,0.010000,100,3,280.801250,1
1568809016,2,10,10,1000,0.800000,0.010000,100,3,267.907500,1
1845330719,2,10,10,1000,0.800000,0.010000,100,3,272.411250,1
1958371196,2,10,10,1000,0.800000,0.010000,100,3,273.231250,1
966381394,2,10,10,1000,0.800000,0.010000,100,3,271.471750,1
1716719475,2,10,10,1000,0.800000,0.010000,100,3,269.377250,1
1228670303,2,10,10,1000,0.800000,0.010000,100,3,268.399500,1
700172501,2,10,10,1000,0.800000,0.010000,100,3,270.998000,1
382114008,2,10,10,1000,0.800000,0.010000,100,3,264.367750,1
366825462,2,10,10,1000,0.800000,0.010000,100,3,271.449000,1
1900058354,2,10,10,1000,0.800000,0.010000,100,3,268.756500,1
1004649944,2,10,10,1000,0.800000,0.010000,100,3,273.227750,1
215141849,2,10,10,1000,0.800000,0.010000,100,3,280.342750,1
1364674298,2,10,10,1000,0.800000,0.010000,100,3,272.139000,1
902819305,2,10,10,1000,0.800000,0.010000,100,3,271.051750,1
1868835737,2,10,10,1000,0.800000,0.010000,100,3,271.619500,1
1689884092,2,10,10,1000,0.800000,0.010000,100,3,267.139750,1
849123053,2,10,10,1000,0.800000,0.010000,100,3,270.064250,1
18685196,2,10,10,1000,0.800000,0.010000,100,3,268.745000,1
908887027,2,10,10,1000,0.800000,0.010000,100,3,272.168500,1
242455826,2,10,10,1000,0.800000,0.010000,100,3,269.246250,1
474546339,2,10,10,1000,0.800000,0.010000,100,3,272.847500,1
1206892974,2,10,10,1000,0.800000,0.010000,100,3,267.689000,1
1938936771,2,10,10,1000,0.800000,0.010000,100,3,272.457000,1
1814325378,2,10,10,1000,0.800000,0.010000,100,3,269.270250,1
2096901219,2,10,10,1000,0.800000,0.010000,100,3,270.215500,1
863686658,2,10,10,1000,0.800000,0.010000,100,3,266.343750,1
1881319367,2,10,10,1000,0.800000,0.010000,100,3,270.512250,1
151359099,2,10,10,1000,0.800000,0.010000,100,3,272.558000,1
107386010,2,10,10,1000,0.800000,0.010000,100,3,272.576250,1
489999393,2,10,10,1000,0.800000,0.010000,100,3,267.476000,1
1340715738,2,10,10,1000,0.800000,0.010000,100,3,267.359000,1
794345765,2,10,10,1000,0.800000,0.010000,100,3,270.575750,1
113966558,2,10,10,1000,0.800000,0.010000,100,3,268.691750,1
1553551365,2,10,10,1000,0.800000,0.010000,100,3,271.479750,1
835691606,2,10,10,1000,0.800000,0.010000,100,3,266.058750,1
1902063723,2,10,10,1000,0.800000,0.010000,100,3,271.316250,1
1454260649,2,10,10,1000,0.800000,0.010000,100,3,267.622250,1
2064606020,2,10,10,1000,0.800000,0.010000,100,3,268.531000,1
18166083,2,10,10,1000,0.800000,0.010000,100,3,268.554750,1
1440670230,2,10,10,1000,0.800000,0.010000,100,3,269.556750,1
487227657,2,10,10,1000,0.800000,0.010000,100,3,271.036250,1
1499186814,2,10,10,1000,0.800000,0.010000,100,3,273.958250,1
636329479,2,10,10,1000,0.800000,0.010000,100,3,265.849250,1
554913101,2,10,10,1000,0.800000,0.010000,100,3,270.594000,1
1891676689,2,10,10,1000,0.800000,0.010000,100,3,272.256750,1
1302666698,2,10,10,1000,0.800000,0.010000,100,3,278.060000,1
1501744801,2,10,10,1000,0.800000,0.010000,100,3,268.826750,1
1521109067,2,10,10,1000,0.800000,0.010000,100,3,268.307000,1
557882033,2,10,10,1000,0.800000,0.010000,100,3,268.025500,1
1845939214,2,10,10,1000,0.800000,0.010000,100,3,270.119000,1
1433973312,2,10,10,1000,0.800000,0.010000,100,3,269.679500,1
1181262029,2,10,10,1000,0.800000,0.010000,100,3,268.514250,1
1828002315,2,10,10,1000,0.800000,0.010000,100,3,268.725750,1
786354480,2,10,10,1000,0.800000,0.010000,100,3,268.941500,1
891553375,2,10,10,1000,0.800000,0.010000,100,3,269.886750,1
1503205223,2,10,10,1000,0.800000,0.010000,100,3,265.669000,1
1086635965,2,10,10,1000,0.800000,0.010000,100,3,267.449250,1
1412055179,2,10,10,1000,0.800000,0.010000,100,3,264.924500,1
439949576,2,10,10,1000,0.800000,0.010000,100,3,269.606000,1
1127097042,2,10,10,1000,0.800000,0.010000,100,3,273.246250,1
1507893474,2,10,10,1000,0.800000,0.010000,100,3,268.512500,1
752439514,2,10,10,1000,0.800000,0.010000,100,3,265.506500,1
762930525,2,10,10,1000,0.800000,0.010000,100,3,270.855000,1
715315656,2,10,10,1000,0.800000,0.010000,100,3,266.140750,1
492421166,2,10,10,1000,0.800000,0.010000,100,3,272.880750,1
1974798252,2,10,10,1000,0.800000,0.010000,100,3,267.332500,1
1406574084,2,10,10,1000,0.800000,0.010000,100,3,267.832000,1
828717612,2,10,10,1000,0.800000,0.010000,100,3,267.525750,1
1384930960,2,10,10,1000,0.800000,0.010000,100,3,268.704750,1
313459435,2,10,10,1000,0.800000,0.010000,100,3,271.475000,1
273028309,2,10,10,1000,0.800000,0.010000,100,3,267.571750,1
1862751644,2,10,10,1000,0.800000,0.010000,100,3,265.976750,1
2087355643,2,10,10,1000,0.800000,0.010000,100,3,268.523000,1
157426338,2,10,10,1000,0.800000,0.010000,100,3,270.129000,1
2084491898,2,10,10,1000,0.800000,0.010000,100,3,268.457000,1
1540607847,2,10,10,1000,0.800000,0.010000,100,3,267.190250,1
1590934033,2,10,10,1000,0.800000,0.010000,100,3,271.116000,1
634141437,2,10,10,1000,0.800000,0.010000,100,3,265.984000,1
163079348,2,10,10,1000,0.800000,0.010000,100,3,274.352000,1
1614504,2,10,10,1000,0.800000,0.010000,100,3,268.661250,1
720690042,2,10,10,1000,0.800000,0.010000,100,3,267.743250,1
1011160221,2,10,10,1000,0.800000,0.010000,100,3,274.304750,1
318362305,2,10,10,1000,0.800000,0.010000,100,3,269.553500,1
781350440,2,10,10,1000,0.800000,0.010000,100,3,272.182000,1
555066229,2,10,10,1000,0.800000,0.010000,100,3,267.055750,1
1601026061,2,10,10,1000,0.800000,0.010000,100,3,271.802250,1
426486988,2,10,10,1000,0.800000,0.010000,100,3,266.512500,1
399337664,2,10,10,1000,0.800000,0.010000,100,3,270.902250,1
407504624,2,10,10,1000,0.800000,0.010000,100,3,266.819500,1
1149055657,2,10,10,1000,0.800000,0.010000,100,3,269.424750,1
675490256,2,10,10,1000,0.800000,0.010000,100,3,265.443250,1
2101920858,2,10,10,1000,0.800000,0.010000,100,3,269.796000,1
745859414,2,10,10,1000,0.800000,0.010000,100,3,268.501500,1
932088770,2,10,10,1000,0.800000,0.010000,100,3,267.849500,1
1764043451,2,10,10,1000,0.800000,0.010000,100,3,267.243500,1
2098789156,2,10,10,1000,0.800000,0.010000,100,3,270.878750,1
43243326,2,10,10,1000,0.800000,0.010000,100,3,266.250750,1
1067333385,2,10,10,1000,0.800000,0.010000,100,3,275.396250,1
1413384392,2,10,10,1000,0.800000,0.010000,100,3,270.965000,1
1815967093,2,10,10,1000,0.800000,0.010000,100,3,270.233000,1
242556507,2,10,10,1000,0.800000,0.010000,100,3,265.253750,1
1790138897,2,10,10,1000,0.800000,0.010000,100,3,273.289500,1
2096524240,2,10,10,1000,0.800000,0.010000,100,3,267.324500,1
2136207971,2,10,10,1000,0.800000,0.010000,100,3,268.373250,1
571727837,2,10,10,1000,0.800000,0.010000,100,3,267.456500,1
1920479863,2,10,10,1000,0.800000,0.010000,100,3,269.951250,1
1380552962,2,10,10,1000,0.800000,0.010000,100,3,272.082750,1
964557070,2,10,10,1000,0.800000,0.010000,100,3,268.460750,1
430325439,2,10,10,1000,0.800000,0.010000,100,3,269.322750,1
646075380,2,10,10,1000,0.800000,0.010000,100,3,278.316250,1
1091692968,2,10,10,1000,0.800000,0.010000,100,3,269.464500,1
1734682807,2,10,10,1000,0.800000,0.010000,100,3,270.029000,1
1944424316,2,10,10,1000,0.800000,0.010000,100,3,277.224250,1
2003000369,2,10,10,1000,0.800000,0.010000,100,3,269.206000,1
990726286,2,10,10,1000,0.800000,0.010000,100,3,271.993750,1
599934638,2,10,10,1000,0.800000,0.010000,100,3,275.545750,1
2025852706,2,10,10,1000,0.800000,0.010000,100,3,269.436750,1
29629762,2,10,10,1000,0.800000,0.010000,100,3,268.754250,1
1528058396,2,10,10,1000,0.800000,0.010000,100,3,269.598500,1
1768454753,2,10,10,1000,0.800000,0.010000,100,3,266.499750,1
246168735,2,10,10,1000,0.800000,0.010000,100,3,279.317750,1
1841522109,2,10,10,1000,0.800000,0.010000,100,3,274.746500,1
1110015749,2,10,10,1000,0.800000,0.010000,100,3,273.360000,1
1366463940,2,10,10,1000,0.800000,0.010000,100,3,267.159750,1
586510574,2,10,10,1000,0.800000,0.010000,100,3,271.308000,1
673767783,2,10,10,1000,0.800000,0.010000,100,3,274.101250,1
298135429,2,10,10,1000,0.800000,0.010000,100,3,268.683750,1
699244722,2,10,10,1000,0.800000,0.010000,100,3,269.486750,1
287507553,2,10,10,1000,0.800000,0.010000,100,3,268.581500,1
684591970,2,10,10,1000,0.800000,0.010000,100,3,273.280750,1
1839541484,2,10,10,1000,0.800000,0.010000,100,3,265.733750,1
2058595027,2,10,10,1000,0.800000,0.010000,100,3,269.153000,1
517540999,2,10,10,1000,0.800000,0.010000,100,3,267.663250,1
440204482,2,10,10,1000,0.800000,0.010000,100,3,272.754000,1
343483337,2,10,10,1000,0.800000,0.010000,100,3,274.944500,1
1198936682,2,10,10,1000,0.800000,0.010000,100,3,270.553250,1
184946000,2,10,10,1000,0.800000,0.010000,100,3,267.434750,1
1584649486,2,10,10,1000,0.800000,0.010000,100,3,273.478250,1
802997524,2,10,10,1000,0.800000,0.010000,100,3,272.192500,1
1804402816,2,10,10,1000,0.800000,0.010000,100,3,273.439250,1
194427580,2,10,10,1000,0.800000,0.010000,100,3,269.229000,1
319197633,2,10,10,1000,0.800000,0.010000,100,3,271.261750,1
836531720,2,10,10,1000,0.800000,0.010000,100,3,266.576000,1
1944233997,2,10,10,1000,0.800000,0.010000,100,3,273.365000,1
589183410,2,10,10,1000,0.800000,0.010000,100,3,268.704250,1
251104881,2,10,10,1000,0.800000,0.010000,100,3,271.272750,1
2010801161,2,10,10,1000,0.800000,0.010000,100,3,272.378500,1
1858142496,2,10,10,1000,0.800000,0.010000,100,3,271.173000,1
73380998,2,10,10,1000,0.800000,0.010000,100,3,269.937250,1
252595083,2,10,10,1000,0.800000,0.010000,100,3,271.202500,1
936287862,2,10,10,1000,0.800000,0.010000,100,3,269.319000,1
410253667,2,10,10,1000,0.800000,0.010000,100,3,268.597750,1
1377136382,2,10,10,1000,0.800000,0.010000,100,3,274.884750,1
543723749,2,10,10,1000,0.800000,0.010000,100,3,267.766750,1
2023222831,2,10,10,1000,0.800000,0.010000,100,3,271.919250,1
1284952415,2,10,10,1000,0.800000,0.010000,100,3,267.422500,1
256111265,2,10,10,1000,0.800000,0.010000,100,3,270.833750,1
92025909,2,10,10,1000,0.800000,0.010000,100,3,271.697250,1
1345483502,2,10,10,1000,0.800000,0.010000,100,3,268.147000,1
975371676,2,10,10,1000,0.800000,0.010000,100,3,268.588000,1
971149769,2,10,10,1000,0.800000,0.010000,100,3,268.257000,1
487162775,2,10,10,1000,0.800000,0.010000,100,3,269.978250,1
588817967,2,10,10,1000,0.800000,0.010000,100,3,273.461750,1
516788665,2,10,10,1000,0.800000,0.010000,100,3,267.738750,1
206064336,2,10,10,1000,0.800000,0.010000,100,3,270.534500,1
500532423,2,10,10,1000,0.800000,0.010000,100,3,267.248750,1
617096066,2,10,10,1000,0.800000,0.010000,100,3,271.285750,1
856394833,2,10,10,1000,0.800000,0.010000,100,3,267.852750,1
2082848607,2,10,10,1000,0.800000,0.010000,100,3,266.892750,1
1627764909,2,10,10,1000,0.800000,0.010000,100,3,267.106500,1
1397816616,2,10,10,1000,0.800000,0.010000,100,3,271.994250,1
534846337,2,10,10,1000,0.800000,0.010000,100,3,271.878500,1
1446987218,2,10,10,1000,0.800000,0.010000,100,3,271.960750,1
1847297817,2,10,10,1000,0.800000,0.010000,100,3,268.098750,1
2065117400,2,10,10,1000,0.800000,0.010000,100,3,270.198500,1
1691682609,2,10,10,1000,0.800000,0.010000,100,3,269.758750,1
1651977643,2,10,10,1000,0.800000,0.010000,100,3,272.461250,1
261606859,2,10,10,1000,0.800000,0.010000,100,3,269.532750,1
2146953637,2,10,10,1000,0.800000,0.010000,100,3,267.997000,1
1413042061,2,10,10,1000,0.800000,0.010000,100,3,271.752500,1
1290128977,2,10,10,1000,0.800000,0.010000,100,3,273.054000,1
372168232,2,10,10,1000,0.800000,0.010000,100,3,272.502000,1
1937589017,2,10,10,1000,0.800000,0.010000,100,3,267.606500,1
553325560,2,10,10,1000,0.800000,0.010000,100,3,269.590750,1
1326523819,2,10,10,1000,0.800000,0.010000,100,3,268.124750,1
1401388650,2,10,10,1000,0.800000,0.010000,100,3,268.049250,1
651526452,2,10,10,1000,0.800000,0.010000,100,3,267.928750,1
1541951641,2,10,10,1000,0.800000,0.010000,100,3,269.532000,1
2117855441,2,10,10,1000,0.800000,0.010000,100,3,268.169000,1
1775536322,2,10,10,1000,0.800000,0.010000,100,3,269.940750,1
330858149,2,10,10,1000,0.800000,0.010000,100,3,272.890250,1
1127369676,2,10,10,1000,0.800000,0.010000,100,3,272.632750,1
1646177080,2,10,10,1000,0.800000,0.010000,100,3,266.301500,1
1710910429,2,10,10,1000,0.800000,0.010000,100,3,267.326250,1
221512889,2,10,10,1000,0.800000,0.010000,100,3,267.171750,1
228401944,2,10,10,1000,0.800000,0.010000,100,3,272.624250,1
16225646,2,10,10,1000,0.800000,0.010000,100,3,265.001500,1
207894349,2,10,10,1000,0.800000,0.010000,100,3,271.627500,1
265619578,2,10,10,1000,0.800000,0.010000,100,3,268.019750,1
1618406981,2,10,10,1000,0.800000,0.010000,100,3,271.471750,1
704610345,2,10,10,1000,0.800000,0.010000,100,3,268.956750,1
532131753,2,10,10,1000,0.800000,0.010000,100,3,267.629750,1
1484188704,2,10,10,1000,0.800000,0.010000,100,3,269.956000,1
1410507701,2,10,10,1000,0.800000,0.010000,100,3,267.841750,1
853534781,2,10,10,1000,0.800000,0.010000,100,3,272.651250,1
229829308,2,10,10,1000,0.800000,0.010000,100,3,266.008750,1
1642317946,2,10,10,1000,0.800000,0.010000,100,3,282.896500,1
2060636764,2,10,10,1000,0.800000,0.010000,100,3,266.768250,1
181770541,2,10,10,1000,0.800000,0.010000,100,3,274.696250,1
639336108,2,10,10,1000,0.800000,0.010000,100,3,269.529500,1
279263121,2,10,10,1000,0.800000,0.010000,100,3,272.028000,1
1980763893,2,10,10,1000,0.800000,0.010000,100,3,265.836500,1
786397672,2,10,10,1000,0.800000,0.010000,100,3,270.642000,1
1588077396,2,10,10,1000,0.800000,0.010000,100,3,268.863000,1
580103858,2,10,10,1000,0.800000,0.010000,100,3,271.471750,1
1834337734,2,10,10,1000,0.800000,0.010000,100,3,265.747500,1
1891711227,2,10,10,1000,0.800000,0.010000,100,3,267.693000,1
1512095202,2,10,10,1000,0.800000,0.010000,100,3,269.902250,1
1340641362,2,10,10,1000,0.800000,0.010000,100,3,272.394500,1
1648952494,2,10,10,1000,0.800000,0.010000,100,3,266.489000,1
1616027493,2,10,10,1000,0.800000,0.010000,100,3,270.820250,1
864642223,2,10,10,1000,0.800000,0.010000,100,3,268.760250,1
326344450,2,10,10,1000,0.800000,0.010000,100,3,270.116250,1
2062124777,2,10,10,1000,0.800000,0.010000,100,3,270.193000,1
192783098,2,10,10,1000,0.800000,0.010000,100,3,270.008000,1
1275585691,2,10,10,1000,0.800000,0.010000,100,3,269.762000,1
535371613,2,10,10,1000,0.800000,0.010000,100,3,268.318250,1
